StartDate,EndDate,Status,IPAddress,Progress,Duration (in seconds),Finished,RecordedDate,ResponseId,RecipientLastName,RecipientFirstName,RecipientEmail,ExternalReference,LocationLatitude,LocationLongitude,DistributionChannel,UserLanguage,Q1,Q2,Q3,Q4,Q5,Q6,Q7,Q8,Q9,Q16,Q17,Q17_3_TEXT,Q18,Q19,Q20
Start Date,End Date,Response Type,IP Address,Progress,Duration (in seconds),Finished,Recorded Date,Response ID,Recipient Last Name,Recipient First Name,Recipient Email,External Data Reference,Location Latitude,Location Longitude,Distribution Channel,User Language,I have an active Facebook subscription.,Facebook is easy to use.,"Facebook is the primary social network I use to connect with acquaintances, family and friends, communities and others.",The content on my Facebook newsfeed is valuable for me.,I trust the content I read on Facebook.,I am comfortable with my privacy while using Facebook.,Please rate your overall satisfaction with Facebook.,I consider deactivating my Facebook account in the next 6 months,What would improve your Facebook experience?,Which of the following best represents your age?,Which of the following best describes your gender? - Selected Choice,Which of the following best describes your gender? - Other - Text,What is the highest level of education you have completed?,What is your current employment status?,What is your marital status?
"{""ImportId"":""startDate"",""timeZone"":""America/Denver""}","{""ImportId"":""endDate"",""timeZone"":""America/Denver""}","{""ImportId"":""status""}","{""ImportId"":""ipAddress""}","{""ImportId"":""progress""}","{""ImportId"":""duration""}","{""ImportId"":""finished""}","{""ImportId"":""recordedDate"",""timeZone"":""America/Denver""}","{""ImportId"":""_recordId""}","{""ImportId"":""recipientLastName""}","{""ImportId"":""recipientFirstName""}","{""ImportId"":""recipientEmail""}","{""ImportId"":""externalDataReference""}","{""ImportId"":""locationLatitude""}","{""ImportId"":""locationLongitude""}","{""ImportId"":""distributionChannel""}","{""ImportId"":""userLanguage""}","{""ImportId"":""QID1""}","{""ImportId"":""QID2""}","{""ImportId"":""QID3""}","{""ImportId"":""QID4""}","{""ImportId"":""QID5""}","{""ImportId"":""QID6""}","{""ImportId"":""QID7""}","{""ImportId"":""QID8""}","{""ImportId"":""QID9_TEXT""}","{""ImportId"":""QID16""}","{""ImportId"":""QID17""}","{""ImportId"":""QID17_3_TEXT""}","{""ImportId"":""QID18""}","{""ImportId"":""QID19""}","{""ImportId"":""QID20""}"
2020-09-16 14:33:16,2020-09-16 14:34:07,Survey Preview,,100,51,True,2020-09-16 14:34:08,R_1QH0IOu1H4Po9ew,,,,,33.0950927734375,-96.88050079345703125,preview,EN,Yes,Agree,Agree,Agree,Agree,Slightly uncomfortable,Neither satisfied nor dissatisfied,Agree,,,,,,,
2020-09-16 14:42:58,2020-09-16 14:43:09,IP Address,69.231.74.136,100,10,True,2020-09-16 14:43:09,R_b8lqeAvPv7y9aBr,,,,,33.0950927734375,-96.88050079345703125,anonymous,EN,,,,,,,,,,,,,,,
2020-09-17 04:00:43,2020-09-17 04:02:42,IP Address,92.40.175.116,100,119,True,2020-09-17 04:02:42,R_1FnWbDduT4aHApd,,,,,51.49639892578125,-0.122406005859375,anonymous,EN,Yes,Somewhat agree,Strongly Agree,Disagree,Somewhat disagree,Slightly uncomfortable,Slightly dissatisfied,Strongly disagree,Broader coverage of friends on news feed,35 - 44,Female,,"Bachelor’s Degree (e.g., BA, BS)",Employed part time  (less than 40 hours per week),"Married, or in a domestic partnership"
2020-09-18 07:55:45,2020-09-18 07:57:22,IP Address,146.199.103.74,100,96,True,2020-09-18 07:57:22,R_1qWGht1dkEGbwyi,,,,,52.7718963623046875,-1.546295166015625,anonymous,EN,Yes,Agree,Agree,Somewhat agree,Neither agree nor disagree,Moderately comfortable,Moderately satisfied,Disagree,"Having a timeline that shows ALL my followers posts like it used to. Stupid algorithm. ",35 - 44,Female,,"Bachelor’s Degree (e.g., BA, BS)",Employed full time (40+ hours per week),"Married, or in a domestic partnership"
2020-09-18 07:57:52,2020-09-18 07:58:59,IP Address,108.190.40.172,100,67,True,2020-09-18 07:58:59,R_2z5vflD3kMbtI0G,,,,,27.7870025634765625,-82.6761016845703125,anonymous,EN,Yes,Strongly Agree,Somewhat agree,Neither agree nor disagree,Strongly disagree,Moderately uncomfortable,Neither satisfied nor dissatisfied,Neither agree nor disagree,,19 - 24,Female,,"Master’s Degree (e.g., MA, MS, MBA, MEd)",Employed full time (40+ hours per week),Single or Never married
2020-09-18 08:00:16,2020-09-18 08:01:43,IP Address,213.205.241.84,100,86,True,2020-09-18 08:01:44,R_21dDYQv5ysavQR2,,,,,51.5063934326171875,-0.0200042724609375,anonymous,EN,Yes,Agree,Strongly Agree,Somewhat agree,Neither agree nor disagree,Slightly uncomfortable,Moderately satisfied,Disagree,,45 - 54,Female,,"Master’s Degree (e.g., MA, MS, MBA, MEd)",Employed full time (40+ hours per week),"Married, or in a domestic partnership"
2020-09-18 08:03:19,2020-09-18 08:03:53,IP Address,77.99.239.195,100,34,True,2020-09-18 08:03:53,R_1Cpe24RsRjCSFyC,,,,,51.4674072265625,-0.3556060791015625,anonymous,EN,No,,,,,,,,,35 - 44,Female,,"Bachelor’s Degree (e.g., BA, BS)",Employed part time  (less than 40 hours per week),"Married, or in a domestic partnership"
2020-09-18 08:03:40,2020-09-18 08:04:57,IP Address,213.205.198.126,100,77,True,2020-09-18 08:04:57,R_30qoOkaXRDhTps9,,,,,51.600006103515625,-0.216705322265625,anonymous,EN,Yes,Agree,Somewhat agree,Neither agree nor disagree,Somewhat disagree,Moderately uncomfortable,Moderately dissatisfied,Strongly Agree,"Better privacy protections and regulation of false reporting ",35 - 44,Female,,"Professional Degree (e.g., MD, DDS, DVM)",Employed full time (40+ hours per week),"Married, or in a domestic partnership"
2020-09-18 08:05:06,2020-09-18 08:06:30,IP Address,92.41.21.239,100,83,True,2020-09-18 08:06:30,R_3Gjs3dF3LpRPYSd,,,,,51.5641021728515625,-1.618499755859375,anonymous,EN,Yes,Strongly Agree,Strongly Agree,Somewhat agree,Somewhat disagree,Slightly uncomfortable,Slightly satisfied,Somewhat agree,,45 - 54,Female,,"Bachelor’s Degree (e.g., BA, BS)",Unemployed not looking for work,"Married, or in a domestic partnership"
2020-09-18 08:05:43,2020-09-18 08:06:50,IP Address,81.143.231.83,100,67,True,2020-09-18 08:06:50,R_2tXClamyIcv0VgZ,,,,,52.1981048583984375,-0.207794189453125,anonymous,EN,Yes,Agree,Agree,Somewhat agree,Disagree,Slightly uncomfortable,Moderately satisfied,Disagree,,35 - 44,Female,,"Doctorate (e.g., PhD, EdD)",Unemployed not looking for work,"Married, or in a domestic partnership"
2020-09-18 08:06:41,2020-09-18 08:07:38,IP Address,79.79.113.84,100,57,True,2020-09-18 08:07:39,R_1i36p8gwJkknXYc,,,,,53.3928985595703125,-1.545501708984375,anonymous,EN,Yes,Agree,Somewhat disagree,Somewhat disagree,Somewhat disagree,Slightly uncomfortable,Neither satisfied nor dissatisfied,Somewhat disagree,,25 - 34,Female,,"Professional Degree (e.g., MD, DDS, DVM)",Employed full time (40+ hours per week),"Married, or in a domestic partnership"
2020-09-18 08:06:53,2020-09-18 08:07:57,IP Address,82.26.28.224,100,64,True,2020-09-18 08:07:57,R_1rAo4QnHZulYjAh,,,,,51.5576934814453125,-1.776702880859375,anonymous,EN,Yes,Agree,Strongly Agree,Somewhat agree,Somewhat disagree,Slightly comfortable,Moderately satisfied,Strongly disagree,,45 - 54,Female,,Some college,Employed part time  (less than 40 hours per week),"Married, or in a domestic partnership"
2020-09-18 08:08:08,2020-09-18 08:09:09,IP Address,81.154.229.89,100,61,True,2020-09-18 08:09:10,R_1NkUfZtU06LOy9e,,,,,51.509002685546875,-0.188201904296875,anonymous,EN,Yes,Agree,Strongly disagree,Somewhat agree,Strongly disagree,Moderately uncomfortable,Slightly dissatisfied,Agree,,25 - 34,Female,,"Master’s Degree (e.g., MA, MS, MBA, MEd)",Student,"Married, or in a domestic partnership"
2020-09-18 08:07:19,2020-09-18 08:09:35,IP Address,85.118.7.252,100,136,True,2020-09-18 08:09:35,R_W2nt15ljU38HnfH,,,,,51.509002685546875,-0.188201904296875,anonymous,EN,Yes,Agree,Agree,Somewhat agree,Neither agree nor disagree,Neither comfortable nor uncomfortable,Moderately satisfied,Disagree,"A more consistent newsfeed. Sometimes I see very old things mixed with very new things. ",35 - 44,Female,,"Bachelor’s Degree (e.g., BA, BS)",Employed full time (40+ hours per week),"Married, or in a domestic partnership"
2020-09-18 08:08:00,2020-09-18 08:09:49,IP Address,176.27.78.207,100,108,True,2020-09-18 08:09:49,R_24iqPE8L8fXVtJf,,,,,54.3511962890625,-2.7555999755859375,anonymous,EN,Yes,Somewhat agree,Agree,Somewhat agree,Neither agree nor disagree,Neither comfortable nor uncomfortable,Slightly satisfied,Neither agree nor disagree,If they stopped messing with the format,45 - 54,Female,,High School Degree or Equivalent,Retired,Prefer not to say
2020-09-18 08:07:26,2020-09-18 08:10:49,IP Address,176.248.4.159,100,202,True,2020-09-18 08:10:49,R_cO6jUTj6jwqmzC1,,,,,51.313995361328125,-0.34100341796875,anonymous,EN,Yes,Somewhat agree,Agree,Somewhat disagree,Somewhat disagree,Slightly comfortable,Neither satisfied nor dissatisfied,Somewhat disagree,"Less ads, less repetition ",35 - 44,Female,,"Bachelor’s Degree (e.g., BA, BS)",Employed full time (40+ hours per week),"Married, or in a domestic partnership"
2020-09-18 08:09:22,2020-09-18 08:12:33,IP Address,45.132.227.41,100,190,True,2020-09-18 08:12:33,R_OAOS3PNbtpAwhGx,,,,,40.78759765625,-74.05999755859375,anonymous,EN,Yes,Agree,Agree,Agree,Somewhat disagree,Slightly uncomfortable,Moderately satisfied,Agree,"If the administrators took more action to ensure truthful and accurate information was disseminated ",45 - 54,Female,,"Professional Degree (e.g., MD, DDS, DVM)",Employed full time (40+ hours per week),"Married, or in a domestic partnership"
2020-09-18 08:12:27,2020-09-18 08:13:51,IP Address,5.67.248.55,100,84,True,2020-09-18 08:13:52,R_3HYPGfM3J19omLh,,,,,51.57470703125,-1.7823028564453125,anonymous,EN,Yes,Strongly Agree,Somewhat disagree,Somewhat disagree,Strongly disagree,Extremely uncomfortable,Slightly satisfied,Strongly Agree,"Privacy and transparency ",45 - 54,Female,,"Master’s Degree (e.g., MA, MS, MBA, MEd)",Employed full time (40+ hours per week),"Married, or in a domestic partnership"
2020-09-18 08:13:45,2020-09-18 08:15:55,IP Address,176.255.136.105,100,130,True,2020-09-18 08:15:56,R_2uBZytcDaHTdJAL,,,,,50.3347930908203125,-4.7592926025390625,anonymous,EN,Yes,Strongly Agree,Agree,Neither agree nor disagree,Strongly disagree,Moderately uncomfortable,Extremely dissatisfied,Strongly Agree,"So many things, but mostly removing the current president and people who share his disinformation",35 - 44,Female,,"Master’s Degree (e.g., MA, MS, MBA, MEd)",Unemployed not looking for work,"Married, or in a domestic partnership"
2020-09-18 08:18:08,2020-09-18 08:19:36,IP Address,90.219.39.253,100,87,True,2020-09-18 08:19:37,R_b8YANcppxfOTArf,,,,,51.3950958251953125,0.172393798828125,anonymous,EN,Yes,Strongly Agree,Agree,Agree,Somewhat disagree,Moderately comfortable,Slightly satisfied,Disagree,Removing fake profiles and information,25 - 34,Female,,"Bachelor’s Degree (e.g., BA, BS)",Employed full time (40+ hours per week),Single or Never married
2020-09-18 08:18:16,2020-09-18 08:21:35,IP Address,80.5.136.77,100,199,True,2020-09-18 08:21:35,R_3fOiRnSEu3MlT8g,,,,,51.4936065673828125,-0.25830078125,anonymous,EN,Yes,Somewhat agree,Agree,Somewhat disagree,Somewhat agree,Slightly comfortable,Slightly satisfied,Somewhat agree,Using algorithms to decide who/ what I see. Show me all friends that post not just the ones I follow or who FB thinks I want to see,35 - 44,Female,,"Master’s Degree (e.g., MA, MS, MBA, MEd)",Retired,"Married, or in a domestic partnership"
2020-09-18 08:24:05,2020-09-18 08:29:43,IP Address,86.11.172.72,100,338,True,2020-09-18 08:29:43,R_2bITnB1tDBnUQXI,,,,,52.585205078125,-0.235992431640625,anonymous,EN,Yes,Agree,Strongly Agree,Somewhat agree,Disagree,Slightly uncomfortable,Moderately satisfied,Disagree,Less targeted advertisement and more security/privacy.,25 - 34,Female,,"Bachelor’s Degree (e.g., BA, BS)",Employed full time (40+ hours per week),"Married, or in a domestic partnership"
2020-09-18 08:30:34,2020-09-18 08:31:47,IP Address,50.104.85.23,100,72,True,2020-09-18 08:31:47,R_3g1uJIpjtUzx1xw,,,,,41.1371002197265625,-85.06369781494140625,anonymous,EN,Yes,Agree,Agree,Neither agree nor disagree,Strongly disagree,Slightly uncomfortable,Neither satisfied nor dissatisfied,Somewhat agree,,45 - 54,Female,,"Bachelor’s Degree (e.g., BA, BS)",Employed full time (40+ hours per week),"Married, or in a domestic partnership"
2020-09-18 08:36:13,2020-09-18 08:39:00,IP Address,109.150.2.29,100,166,True,2020-09-18 08:39:00,R_DqKVrep4JltSSfT,,,,,51.3925933837890625,-0.19769287109375,anonymous,EN,Yes,Agree,Disagree,Strongly disagree,Strongly disagree,Moderately uncomfortable,Moderately dissatisfied,Somewhat agree,"Better verification of posts that are untrue but shared thousands of times over. Blocking of racist posts, memes, etc. Blocking of hate speech and hate groups. ",35 - 44,Female,,"Bachelor’s Degree (e.g., BA, BS)",Employed part time  (less than 40 hours per week),"Married, or in a domestic partnership"
2020-09-18 08:34:54,2020-09-18 08:39:18,IP Address,92.3.215.46,100,263,True,2020-09-18 08:39:18,R_2WOPx7AlHgGfp6k,,,,,51.441192626953125,-0.1833038330078125,anonymous,EN,Yes,Agree,Somewhat agree,Somewhat agree,Somewhat agree,Slightly uncomfortable,Slightly satisfied,Disagree,I wish that Facebook didn’t choose which of my friends posts I see on my feed,35 - 44,Female,,"Bachelor’s Degree (e.g., BA, BS)",Unemployed not looking for work,"Married, or in a domestic partnership"
2020-09-18 08:41:03,2020-09-18 08:43:06,IP Address,46.208.147.32,100,122,True,2020-09-18 08:43:07,R_37vrD8SsNQLkyVb,,,,,51.9597930908203125,-2.636199951171875,anonymous,EN,Yes,Agree,Agree,Agree,Somewhat disagree,Moderately comfortable,Moderately satisfied,Disagree,I am happy with it as it is.,45 - 54,Female,,"Associate degree (e.g., AA, AS)",Unable to Work,"Married, or in a domestic partnership"
2020-09-18 08:46:11,2020-09-18 08:47:25,IP Address,151.224.11.88,100,74,True,2020-09-18 08:47:26,R_1NCC1Nx3wXTJSMv,,,,,53.577392578125,-0.7407989501953125,anonymous,EN,Yes,Agree,Agree,Somewhat agree,Somewhat disagree,Slightly comfortable,Slightly satisfied,Neither agree nor disagree,,45 - 54,Female,,"Bachelor’s Degree (e.g., BA, BS)",Unemployed not looking for work,"Married, or in a domestic partnership"
2020-09-18 08:53:35,2020-09-18 08:55:09,IP Address,82.2.7.112,100,93,True,2020-09-18 08:55:09,R_aXjBaRGxc6T1Ue5,,,,,51.9264984130859375,-0.0995941162109375,anonymous,EN,Yes,Agree,Agree,Somewhat agree,Somewhat disagree,Slightly uncomfortable,Neither satisfied nor dissatisfied,Disagree,"Fact checking ",35 - 44,Female,,Some college,Employed part time  (less than 40 hours per week),"Married, or in a domestic partnership"
2020-09-18 08:58:36,2020-09-18 09:00:21,IP Address,95.147.78.71,100,105,True,2020-09-18 09:00:22,R_2EEuzqHujoXdPOO,,,,,51.5988006591796875,-0.40960693359375,anonymous,EN,Yes,Agree,Strongly Agree,Somewhat agree,Somewhat disagree,Slightly comfortable,Moderately satisfied,Strongly disagree,,35 - 44,Female,,"Professional Degree (e.g., MD, DDS, DVM)",Unemployed not looking for work,"Married, or in a domestic partnership"
2020-09-18 09:09:19,2020-09-18 09:11:44,IP Address,81.131.81.31,100,144,True,2020-09-18 09:11:44,R_1FQzNYUnFs2kaap,,,,,51.1410064697265625,0.8238067626953125,anonymous,EN,Yes,Agree,Strongly Agree,Neither agree nor disagree,Neither agree nor disagree,Moderately uncomfortable,Slightly satisfied,Somewhat agree,"Political memes need to go away, as do posted from untrustworthy sites.",45 - 54,Female,,"Master’s Degree (e.g., MA, MS, MBA, MEd)",Unemployed looking for work,"Married, or in a domestic partnership"
2020-09-18 09:10:57,2020-09-18 09:12:24,IP Address,94.193.173.204,100,87,True,2020-09-18 09:12:25,R_294vbf2nCkVkkjj,,,,,51.50030517578125,0.1255950927734375,anonymous,EN,Yes,Agree,Disagree,Neither agree nor disagree,Somewhat disagree,Neither comfortable nor uncomfortable,Neither satisfied nor dissatisfied,Somewhat disagree,,35 - 44,Female,,"Bachelor’s Degree (e.g., BA, BS)",Employed full time (40+ hours per week),"Married, or in a domestic partnership"
2020-09-18 09:26:05,2020-09-18 09:28:04,IP Address,147.188.216.100,100,119,True,2020-09-18 09:28:05,R_1Ny6KgDzjJY8gfg,,,,,52.460601806640625,-1.923797607421875,anonymous,EN,Yes,Agree,Agree,Somewhat agree,Disagree,Moderately uncomfortable,Slightly dissatisfied,Somewhat agree,If they were more transparent about changes to privacy policy in layman's terms and made it easier to find how to amend privacy policies. The fact that it's so hidden makes them seem shady.,25 - 34,Female,,"Bachelor’s Degree (e.g., BA, BS)",Employed full time (40+ hours per week),"Married, or in a domestic partnership"
2020-09-18 09:27:13,2020-09-18 09:31:06,IP Address,151.229.198.154,100,232,True,2020-09-18 09:31:06,R_Amy0ckf7Pj9Dj3P,,,,,50.724700927734375,-1.2041015625,anonymous,EN,Yes,Agree,Strongly Agree,Agree,Disagree,Slightly uncomfortable,Moderately satisfied,Disagree,"I do not like the target ads. Something that I was googling 10 minutes earlier, shows up as an ad on my newsfeed. ",45 - 54,Female,,"Bachelor’s Degree (e.g., BA, BS)",Self-Employed,"Married, or in a domestic partnership"
2020-09-18 09:42:31,2020-09-18 09:43:44,IP Address,74.96.70.222,100,73,True,2020-09-18 09:43:44,R_3L5NP0v7XEIIjrM,,,,,38.8451995849609375,-77.4651031494140625,anonymous,EN,No,,,,,,,,,45 - 54,Female,,"Master’s Degree (e.g., MA, MS, MBA, MEd)",Unemployed not looking for work,"Married, or in a domestic partnership"
2020-09-18 09:44:53,2020-09-18 09:47:28,IP Address,81.159.234.249,100,154,True,2020-09-18 09:47:28,R_3J8Xfw9xSXPtZxn,,,,,53.9579925537109375,-1.084197998046875,anonymous,EN,Yes,Strongly Agree,Somewhat agree,Neither agree nor disagree,Disagree,Moderately comfortable,Extremely satisfied,Strongly disagree,"FB is what you do with it- sometimes I curtail my use, other times I stalk people.",35 - 44,Female,,"Doctorate (e.g., PhD, EdD)",Unemployed not looking for work,"Married, or in a domestic partnership"
2020-09-18 09:46:54,2020-09-18 09:48:09,IP Address,86.132.13.39,100,75,True,2020-09-18 09:48:10,R_3ek9LAyKCWNqSxv,,,,,51.48309326171875,-0.1645965576171875,anonymous,EN,Yes,Strongly Agree,Somewhat agree,Agree,Somewhat disagree,Slightly uncomfortable,Slightly satisfied,Agree,Ability to post on other sites without it being visible to my friends,Prefer not to say,Female,,"Bachelor’s Degree (e.g., BA, BS)",Employed full time (40+ hours per week),Single or Never married
2020-09-18 09:53:31,2020-09-18 09:55:51,IP Address,213.205.241.105,100,140,True,2020-09-18 09:55:52,R_Wv6WQZzGdsjTLah,,,,,51.5063934326171875,-0.0200042724609375,anonymous,EN,Yes,Agree,Strongly Agree,Somewhat agree,Neither agree nor disagree,Neither comfortable nor uncomfortable,Moderately satisfied,Somewhat disagree,"Actual action when something is reported. ",25 - 34,Female,,"Bachelor’s Degree (e.g., BA, BS)",Employed full time (40+ hours per week),"Married, or in a domestic partnership"
2020-09-18 09:57:00,2020-09-18 09:57:53,IP Address,99.163.121.135,100,53,True,2020-09-18 09:57:54,R_Zf1IxIPZ4uhk60F,,,,,36.17230224609375,-86.660797119140625,anonymous,EN,Yes,Strongly Agree,Strongly Agree,Strongly disagree,Disagree,Extremely uncomfortable,Moderately satisfied,Disagree,,25 - 34,Male,,"Master’s Degree (e.g., MA, MS, MBA, MEd)",Employed full time (40+ hours per week),"Married, or in a domestic partnership"
2020-09-18 10:39:55,2020-09-18 10:41:33,IP Address,173.14.103.85,100,98,True,2020-09-18 10:41:34,R_3CAYUqFuFyBxq4E,,,,,36.0048065185546875,-86.78859710693359375,anonymous,EN,Yes,Agree,Somewhat agree,Somewhat agree,Somewhat disagree,Moderately uncomfortable,Slightly dissatisfied,Agree,,25 - 34,Female,,"Bachelor’s Degree (e.g., BA, BS)",Unemployed looking for work,"Married, or in a domestic partnership"
2020-09-18 10:55:12,2020-09-18 10:57:21,IP Address,86.172.89.247,100,129,True,2020-09-18 10:57:21,R_2xL5SufyWdehx8A,,,,,51.398101806640625,-0.873504638671875,anonymous,EN,Yes,Agree,Agree,Neither agree nor disagree,Disagree,Slightly uncomfortable,Moderately satisfied,Neither agree nor disagree,,55 or older,Female,,"Bachelor’s Degree (e.g., BA, BS)",Retired,"Married, or in a domestic partnership"
2020-09-18 11:09:37,2020-09-18 11:11:10,IP Address,86.182.178.76,100,93,True,2020-09-18 11:11:11,R_2SeheEsyEkLnebK,,,,,55.9438934326171875,-3.0514984130859375,anonymous,EN,Yes,Agree,Strongly Agree,Agree,Somewhat disagree,Moderately comfortable,Moderately satisfied,Disagree,Less ads.,45 - 54,Female,,"Bachelor’s Degree (e.g., BA, BS)",Employed full time (40+ hours per week),"Married, or in a domestic partnership"
2020-09-18 11:21:20,2020-09-18 11:22:56,IP Address,98.204.161.250,100,96,True,2020-09-18 11:22:57,R_1jQjldB3c4bIRGc,,,,,39.047607421875,-76.49410247802734375,anonymous,EN,Yes,Strongly Agree,Strongly Agree,Agree,Somewhat agree,Moderately comfortable,Moderately satisfied,Neither agree nor disagree,,55 or older,Female,,"Bachelor’s Degree (e.g., BA, BS)",Retired,"Married, or in a domestic partnership"
2020-09-18 11:24:40,2020-09-18 11:27:34,IP Address,82.21.122.36,100,173,True,2020-09-18 11:27:34,R_xtnG0LNoPptlp17,,,,,52.478302001953125,-0.7136993408203125,anonymous,EN,Yes,Agree,Somewhat disagree,Neither agree nor disagree,Strongly disagree,Moderately uncomfortable,Moderately dissatisfied,Agree,"There isn't anythung that could improve my Facebook experience after watching The Social Dilemma besides my deactivating. ",45 - 54,Female,,Some college,Unemployed not looking for work,"Married, or in a domestic partnership"
2020-09-18 11:28:03,2020-09-18 11:29:29,IP Address,176.27.115.103,100,86,True,2020-09-18 11:29:30,R_2rTs6QAOXQrH03H,,,,,51.5128021240234375,-0.0637969970703125,anonymous,EN,Yes,Agree,Strongly Agree,Somewhat agree,Somewhat disagree,Slightly comfortable,Slightly satisfied,Neither agree nor disagree,"Less politics ",45 - 54,Female,,"Master’s Degree (e.g., MA, MS, MBA, MEd)",Self-Employed,"Married, or in a domestic partnership"
2020-09-18 11:49:49,2020-09-18 11:51:15,IP Address,49.204.187.7,100,85,True,2020-09-18 11:51:15,R_24bK1SWOjvxSni9,,,,,17.384002685546875,78.456390380859375,anonymous,EN,Yes,Agree,Disagree,Neither agree nor disagree,Disagree,Slightly uncomfortable,Neither satisfied nor dissatisfied,Somewhat disagree,Solving various privacy concerns,19 - 24,Female,,"Bachelor’s Degree (e.g., BA, BS)",Student,Single or Never married
2020-09-18 11:50:18,2020-09-18 11:51:37,IP Address,97.99.36.32,100,79,True,2020-09-18 11:51:37,R_25FKVe5UODL30kJ,,,,,32.9347991943359375,-96.79470062255859375,anonymous,EN,Yes,Strongly Agree,Neither agree nor disagree,Neither agree nor disagree,Somewhat agree,Slightly comfortable,Slightly dissatisfied,Strongly Agree,,25 - 34,Female,,"Master’s Degree (e.g., MA, MS, MBA, MEd)",Unemployed looking for work,"Married, or in a domestic partnership"
2020-09-18 11:49:58,2020-09-18 11:51:39,IP Address,49.205.233.42,100,101,True,2020-09-18 11:51:40,R_2f6Z6Di385oLtA6,,,,,17.38409423828125,78.456390380859375,anonymous,EN,Yes,Agree,Agree,Disagree,Somewhat disagree,Slightly uncomfortable,Neither satisfied nor dissatisfied,Agree,Lesser advertisements and better privacy policy,25 - 34,Female,,"Professional Degree (e.g., MD, DDS, DVM)",Self-Employed,"Married, or in a domestic partnership"
2020-09-18 11:51:14,2020-09-18 11:52:38,IP Address,109.180.123.118,100,84,True,2020-09-18 11:52:39,R_1Cmuzt1Sa6Fkxwm,,,,,53.39190673828125,-2.573699951171875,anonymous,EN,Yes,Somewhat agree,Strongly Agree,Somewhat agree,Strongly disagree,Slightly comfortable,Neither satisfied nor dissatisfied,Strongly Agree,"It changes too much.  ",25 - 34,Female,,"Bachelor’s Degree (e.g., BA, BS)",Employed full time (40+ hours per week),"Married, or in a domestic partnership"
2020-09-18 11:52:59,2020-09-18 11:54:41,IP Address,49.206.48.178,100,102,True,2020-09-18 11:54:41,R_Z3kSZP5oTOiGILf,,,,,17.38409423828125,78.456390380859375,anonymous,EN,Yes,Strongly Agree,Somewhat agree,Somewhat agree,Somewhat disagree,Moderately comfortable,Moderately satisfied,Disagree,,25 - 34,Female,,"Master’s Degree (e.g., MA, MS, MBA, MEd)",Employed full time (40+ hours per week),Single or Never married
2020-09-18 12:03:01,2020-09-18 12:04:06,IP Address,94.194.233.250,100,64,True,2020-09-18 12:04:06,R_1kMOOGE5HbsYNhC,,,,,53.4113006591796875,-2.9759063720703125,anonymous,EN,Yes,Agree,Somewhat agree,Somewhat agree,Disagree,Moderately uncomfortable,Slightly dissatisfied,Somewhat agree,,25 - 34,Female,,"Bachelor’s Degree (e.g., BA, BS)",Self-Employed,"Married, or in a domestic partnership"
2020-09-18 12:29:23,2020-09-18 12:30:22,IP Address,27.59.192.39,100,59,True,2020-09-18 12:30:23,R_2sS99d71HAcvWLL,,,,,17.38409423828125,78.456390380859375,anonymous,EN,Yes,Agree,Strongly disagree,Strongly disagree,Disagree,Slightly uncomfortable,Moderately dissatisfied,Somewhat agree,,25 - 34,Male,,"Master’s Degree (e.g., MA, MS, MBA, MEd)",Employed full time (40+ hours per week),Single or Never married
2020-09-18 12:33:15,2020-09-18 12:35:17,IP Address,27.6.96.198,100,121,True,2020-09-18 12:35:17,R_vfpENvI9ysu6nkd,,,,,17.38409423828125,78.456390380859375,anonymous,EN,Yes,Agree,Somewhat agree,Somewhat agree,Somewhat agree,Slightly uncomfortable,Moderately satisfied,Disagree,No all good as for now.,19 - 24,Female,,"Bachelor’s Degree (e.g., BA, BS)",Student,Single or Never married
2020-09-18 12:50:26,2020-09-18 12:53:36,IP Address,80.0.245.58,100,189,True,2020-09-18 12:53:37,R_3dLljX66tgNGTXt,,,,,52.9647979736328125,-1.21319580078125,anonymous,EN,Yes,Somewhat disagree,Strongly disagree,Somewhat disagree,Strongly disagree,Moderately uncomfortable,Moderately dissatisfied,Strongly Agree,,35 - 44,Female,,"Bachelor’s Degree (e.g., BA, BS)",Unemployed not looking for work,"Married, or in a domestic partnership"
2020-09-18 12:53:50,2020-09-18 12:55:01,IP Address,107.198.180.227,100,70,True,2020-09-18 12:55:01,R_2tFZT8vH3iwbRD3,,,,,33.3791961669921875,-86.6968994140625,anonymous,EN,Yes,Strongly Agree,Somewhat agree,Somewhat agree,Neither agree nor disagree,Slightly comfortable,Slightly satisfied,Somewhat disagree,Less ads,45 - 54,Female,,"Bachelor’s Degree (e.g., BA, BS)",Prefer not ot say,"Married, or in a domestic partnership"
2020-09-18 12:54:15,2020-09-18 12:55:43,IP Address,124.123.160.172,100,88,True,2020-09-18 12:55:43,R_9tSvfH3s3BXS6Kl,,,,,17.384002685546875,78.456390380859375,anonymous,EN,Yes,Agree,Somewhat agree,Somewhat agree,Neither agree nor disagree,Slightly uncomfortable,Slightly satisfied,Agree,"Better data security, privacy ",25 - 34,Female,,"Bachelor’s Degree (e.g., BA, BS)",Employed full time (40+ hours per week),Single or Never married
2020-09-18 13:01:42,2020-09-18 13:02:59,IP Address,103.88.86.18,100,76,True,2020-09-18 13:02:59,R_1C2NJArM3Aoj0qX,,,,,18.5196075439453125,73.8553924560546875,anonymous,EN,Yes,Strongly Agree,Disagree,Somewhat agree,Agree,Moderately comfortable,Moderately satisfied,Somewhat disagree,,25 - 34,Male,,"Master’s Degree (e.g., MA, MS, MBA, MEd)",Employed full time (40+ hours per week),Single or Never married
2020-09-18 13:04:23,2020-09-18 13:04:56,IP Address,69.253.103.145,100,32,True,2020-09-18 13:04:56,R_12ijNYmYSTKGGp3,,,,,39.94439697265625,-75.58750152587890625,anonymous,EN,No,,,,,,,,,25 - 34,Female,,"Master’s Degree (e.g., MA, MS, MBA, MEd)",,Single or Never married
2020-09-18 13:16:37,2020-09-18 13:18:33,IP Address,116.75.142.118,100,115,True,2020-09-18 13:18:34,R_2fg7cAaVgkMjPTV,,,,,18.5196075439453125,73.8553924560546875,anonymous,EN,Yes,Strongly Agree,Neither agree nor disagree,Neither agree nor disagree,Neither agree nor disagree,Slightly uncomfortable,Slightly satisfied,Strongly disagree,,25 - 34,Female,,"Master’s Degree (e.g., MA, MS, MBA, MEd)",Employed full time (40+ hours per week),"Married, or in a domestic partnership"
2020-09-18 13:25:20,2020-09-18 13:25:43,IP Address,81.100.202.205,100,23,True,2020-09-18 13:25:43,R_1mPOimafDcP9seX,,,,,51.5041961669921875,-0.2198944091796875,anonymous,EN,No,,,,,,,,,35 - 44,Male,,"Bachelor’s Degree (e.g., BA, BS)",Employed full time (40+ hours per week),"Married, or in a domestic partnership"
2020-09-18 13:45:50,2020-09-18 13:47:43,IP Address,79.73.61.104,100,113,True,2020-09-18 13:47:43,R_3nMJpOsBD6LXIWW,,,,,54.7841033935546875,-1.63360595703125,anonymous,EN,Yes,Strongly Agree,Strongly Agree,Agree,Somewhat disagree,Moderately uncomfortable,Slightly dissatisfied,Strongly Agree,No ads and being able to go back to only seeing friends in my news feed.,45 - 54,Female,,Some college,Employed part time  (less than 40 hours per week),"Married, or in a domestic partnership"
2020-09-18 13:53:43,2020-09-18 14:03:42,IP Address,88.109.59.231,100,599,True,2020-09-18 14:03:42,R_1Lh4bIY7Xcmdn7P,,,,,51.701904296875,-4.1468963623046875,anonymous,EN,Yes,Agree,Agree,Somewhat disagree,Disagree,Neither comfortable nor uncomfortable,Slightly satisfied,Agree,,35 - 44,Female,,"Master’s Degree (e.g., MA, MS, MBA, MEd)",Employed full time (40+ hours per week),"Married, or in a domestic partnership"
2020-09-18 14:20:15,2020-09-18 14:23:01,IP Address,88.97.107.79,100,165,True,2020-09-18 14:23:01,R_sHdxsqj9De0DvQl,,,,,51.502593994140625,-0.0659942626953125,anonymous,EN,Yes,Strongly Agree,Strongly Agree,Somewhat agree,Disagree,Moderately uncomfortable,Slightly dissatisfied,Agree,"To know FB doesn’t allow fake news, really disappointed by what was allowed during the last USA presidential election! ",55 or older,Female,,"Master’s Degree (e.g., MA, MS, MBA, MEd)",Retired,"Married, or in a domestic partnership"
2020-09-18 15:20:36,2020-09-18 15:21:34,IP Address,90.197.248.151,100,57,True,2020-09-18 15:21:34,R_8G4kswjOzvS7qJr,,,,,52.95379638671875,-1.1571044921875,anonymous,EN,Yes,Agree,Strongly Agree,Agree,Neither agree nor disagree,Slightly comfortable,Slightly satisfied,Strongly disagree,,35 - 44,Female,,High School Degree or Equivalent,Employed part time  (less than 40 hours per week),"Married, or in a domestic partnership"
2020-09-18 15:20:30,2020-09-18 15:21:41,IP Address,90.220.89.154,100,70,True,2020-09-18 15:21:41,R_33C1AuY4WDCfUYO,,,,,51.006195068359375,0.5381011962890625,anonymous,EN,Yes,Somewhat agree,Strongly Agree,Strongly Agree,Agree,Moderately comfortable,Moderately satisfied,Strongly disagree,,35 - 44,Female,,"Master’s Degree (e.g., MA, MS, MBA, MEd)",Unemployed not looking for work,"Married, or in a domestic partnership"
2020-09-18 15:37:13,2020-09-18 15:38:27,IP Address,82.69.114.242,100,73,True,2020-09-18 15:38:27,R_2pWuTO2Tr7hk3x6,,,,,51.5966949462890625,-0.1593017578125,anonymous,EN,Yes,Strongly Agree,Strongly Agree,Somewhat agree,Disagree,Neither comfortable nor uncomfortable,Slightly satisfied,Strongly disagree,,45 - 54,Female,,"Bachelor’s Degree (e.g., BA, BS)",Retired,"Married, or in a domestic partnership"
2020-09-18 16:00:09,2020-09-18 16:02:20,IP Address,157.41.109.48,100,130,True,2020-09-18 16:02:20,R_1nT3tDNDm9Fqhlo,,,,,20.27239990234375,85.83380126953125,anonymous,EN,Yes,Strongly Agree,Agree,Somewhat disagree,Disagree,Neither comfortable nor uncomfortable,Slightly dissatisfied,Somewhat agree,,25 - 34,Female,,"Master’s Degree (e.g., MA, MS, MBA, MEd)",Employed full time (40+ hours per week),Single or Never married
2020-09-18 16:08:42,2020-09-18 16:09:56,IP Address,49.205.233.228,100,74,True,2020-09-18 16:09:56,R_WpwkAvoC4YVMxGN,,,,,17.38409423828125,78.456390380859375,anonymous,EN,Yes,Strongly Agree,Somewhat agree,Somewhat agree,Neither agree nor disagree,Neither comfortable nor uncomfortable,Slightly satisfied,Neither agree nor disagree,Privacy,25 - 34,Male,,"Master’s Degree (e.g., MA, MS, MBA, MEd)",Employed full time (40+ hours per week),"Married, or in a domestic partnership"
2020-09-18 16:30:13,2020-09-18 16:34:10,IP Address,197.222.201.186,100,237,True,2020-09-18 16:34:11,R_DAn7Emm5sKbOrBL,,,,,30.0355072021484375,31.2230072021484375,anonymous,EN,No,,,,,,,,,35 - 44,Male,,"Bachelor’s Degree (e.g., BA, BS)",Employed full time (40+ hours per week),"Married, or in a domestic partnership"
2020-09-18 16:34:20,2020-09-18 16:35:52,IP Address,197.222.201.186,100,91,True,2020-09-18 16:35:52,R_2an92w6U54N1xaN,,,,,30.0355072021484375,31.2230072021484375,anonymous,EN,Yes,Strongly Agree,Strongly Agree,Disagree,Strongly disagree,Extremely uncomfortable,Moderately dissatisfied,Strongly Agree,,35 - 44,Male,,"Bachelor’s Degree (e.g., BA, BS)",Employed full time (40+ hours per week),"Married, or in a domestic partnership"
2020-09-18 16:37:34,2020-09-18 16:39:31,IP Address,41.239.116.49,100,117,True,2020-09-18 16:39:32,R_3DbXPor6AmNTP1C,,,,,30.0778045654296875,31.2852020263671875,anonymous,EN,Yes,Strongly Agree,Strongly Agree,Strongly Agree,Somewhat agree,Slightly comfortable,Extremely satisfied,Disagree,Reduce the ads,35 - 44,Female,,"Bachelor’s Degree (e.g., BA, BS)",Self-Employed,"Married, or in a domestic partnership"
2020-09-18 16:38:55,2020-09-18 16:40:07,IP Address,68.5.20.159,100,72,True,2020-09-18 16:40:07,R_2xxioeRGhrJ1xZ7,,,,,33.701507568359375,-117.75279998779296875,anonymous,EN,Yes,Agree,Strongly Agree,Neither agree nor disagree,Neither agree nor disagree,Slightly uncomfortable,Slightly satisfied,Somewhat agree,,25 - 34,Male,,"Master’s Degree (e.g., MA, MS, MBA, MEd)",Employed full time (40+ hours per week),"Married, or in a domestic partnership"
2020-09-18 16:51:45,2020-09-18 16:52:11,IP Address,86.19.41.108,100,25,True,2020-09-18 16:52:11,R_3r0usmkfuK00Dec,,,,,51.582794189453125,-0.3448028564453125,anonymous,EN,No,,,,,,,,,35 - 44,Female,,"Bachelor’s Degree (e.g., BA, BS)",Self-Employed,"Married, or in a domestic partnership"
2020-09-18 17:03:04,2020-09-18 17:04:49,IP Address,41.237.112.250,100,105,True,2020-09-18 17:04:50,R_C9X6QrxOrMuZwGd,,,,,31.2162017822265625,29.9528961181640625,anonymous,EN,Yes,Strongly Agree,Agree,Somewhat agree,Somewhat disagree,Slightly comfortable,Moderately satisfied,Somewhat disagree,,19 - 24,Male,,"Bachelor’s Degree (e.g., BA, BS)",Student,Single or Never married
2020-09-18 17:16:26,2020-09-18 17:16:45,IP Address,76.229.200.163,100,19,True,2020-09-18 17:16:45,R_9tMtABhw5FbvCoN,,,,,41.95550537109375,-87.6613006591796875,anonymous,EN,No,,,,,,,,,25 - 34,Male,,"Master’s Degree (e.g., MA, MS, MBA, MEd)",Employed full time (40+ hours per week),Single or Never married
2020-09-18 17:28:47,2020-09-18 17:30:28,IP Address,24.23.200.214,100,100,True,2020-09-18 17:30:28,R_2cu9KiiunCr4IZk,,,,,37.30279541015625,-121.998199462890625,anonymous,EN,Yes,Agree,Agree,Somewhat agree,Neither agree nor disagree,Moderately comfortable,Moderately satisfied,Disagree,,35 - 44,Male,,"Doctorate (e.g., PhD, EdD)",Employed full time (40+ hours per week),"Married, or in a domestic partnership"
2020-09-18 17:33:26,2020-09-18 17:34:22,IP Address,76.119.181.137,100,55,True,2020-09-18 17:34:22,R_294itUtQGcGkHGF,,,,,42.33880615234375,-71.072601318359375,anonymous,EN,Yes,Agree,Strongly disagree,Strongly disagree,Disagree,Extremely uncomfortable,Moderately dissatisfied,Strongly Agree,,25 - 34,Female,,"Master’s Degree (e.g., MA, MS, MBA, MEd)",Employed full time (40+ hours per week),"Married, or in a domestic partnership"
2020-09-18 18:02:59,2020-09-18 18:04:19,IP Address,99.184.130.202,100,79,True,2020-09-18 18:04:19,R_abmYLosXZO5Qtbz,,,,,33.7837982177734375,-84.44550323486328125,anonymous,EN,Yes,Strongly Agree,Disagree,Disagree,Disagree,Slightly uncomfortable,Neither satisfied nor dissatisfied,Neither agree nor disagree,,35 - 44,Male,,"Master’s Degree (e.g., MA, MS, MBA, MEd)",Employed full time (40+ hours per week),"Married, or in a domestic partnership"
2020-09-18 18:59:51,2020-09-18 19:01:20,IP Address,174.194.133.39,100,89,True,2020-09-18 19:01:20,R_2dgVZ1WPYBEUpxo,,,,,37.795806884765625,-122.4203033447265625,anonymous,EN,Yes,Agree,Disagree,Somewhat disagree,Somewhat disagree,Slightly uncomfortable,Slightly dissatisfied,Somewhat disagree,,25 - 34,Male,,"Master’s Degree (e.g., MA, MS, MBA, MEd)",Employed full time (40+ hours per week),"Married, or in a domestic partnership"
2020-09-18 19:10:05,2020-09-18 19:13:09,IP Address,107.77.209.82,100,184,True,2020-09-18 19:13:10,R_2saRGZ3hM3GeE8G,,,,,41.8094940185546875,-87.65219879150390625,anonymous,EN,Yes,Agree,Strongly disagree,Strongly disagree,Neither agree nor disagree,Moderately uncomfortable,Neither satisfied nor dissatisfied,Neither agree nor disagree,Nothing,35 - 44,Male,,"Bachelor’s Degree (e.g., BA, BS)",Employed full time (40+ hours per week),"Married, or in a domestic partnership"
2020-09-18 19:17:27,2020-09-18 19:18:38,IP Address,72.12.206.188,100,71,True,2020-09-18 19:18:39,R_1IZBC15Hte9KNL6,,,,,40.44439697265625,-86.92559814453125,anonymous,EN,Yes,Agree,Strongly Agree,Somewhat agree,Neither agree nor disagree,Slightly uncomfortable,Slightly dissatisfied,Somewhat agree,,35 - 44,Male,,"Master’s Degree (e.g., MA, MS, MBA, MEd)",Employed full time (40+ hours per week),"Married, or in a domestic partnership"
2020-09-18 19:36:06,2020-09-18 19:39:00,IP Address,49.205.32.200,100,173,True,2020-09-18 19:39:00,R_yt05DPJBZGEdcQh,,,,,11.0054931640625,76.966094970703125,anonymous,EN,Yes,Somewhat agree,Disagree,Disagree,Somewhat agree,Moderately comfortable,Slightly satisfied,Somewhat disagree,,25 - 34,Female,,"Master’s Degree (e.g., MA, MS, MBA, MEd)",Prefer not ot say,Prefer not to say
2020-09-18 20:13:14,2020-09-18 20:14:35,IP Address,66.75.225.0,100,81,True,2020-09-18 20:14:35,R_25tspWWhUY7A3pr,,,,,32.7993927001953125,-117.1685943603515625,anonymous,EN,Yes,Agree,Somewhat agree,Strongly disagree,Disagree,Moderately uncomfortable,Neither satisfied nor dissatisfied,Somewhat agree,Kelly lover,25 - 34,Male,,"Master’s Degree (e.g., MA, MS, MBA, MEd)",Employed full time (40+ hours per week),"Married, or in a domestic partnership"
2020-09-18 20:15:37,2020-09-18 20:17:15,IP Address,42.111.220.29,100,97,True,2020-09-18 20:17:15,R_0cScq0N8zVG9tBf,,,,,22.2993927001953125,73.208099365234375,anonymous,EN,Yes,Strongly Agree,Somewhat agree,Somewhat agree,Strongly Agree,Extremely comfortable,Extremely satisfied,Somewhat disagree,"Reduce the number of free advertisements ",45 - 54,Male,,"Master’s Degree (e.g., MA, MS, MBA, MEd)",Employed full time (40+ hours per week),"Married, or in a domestic partnership"
2020-09-18 20:21:47,2020-09-18 20:24:18,IP Address,106.222.53.80,100,151,True,2020-09-18 20:24:18,R_2c5zuL6sbORVY3C,,,,,23.0276031494140625,72.58709716796875,anonymous,EN,Yes,Strongly Agree,Strongly Agree,Agree,Somewhat agree,Neither comfortable nor uncomfortable,,Neither agree nor disagree,No of advertisement shd be refuced,45 - 54,Female,,"Master’s Degree (e.g., MA, MS, MBA, MEd)",Prefer not ot say,"Married, or in a domestic partnership"
2020-09-18 20:29:33,2020-09-18 20:30:28,IP Address,49.204.187.7,100,55,True,2020-09-18 20:30:28,R_1DolT8ndByyzfJC,,,,,17.384002685546875,78.456390380859375,anonymous,EN,No,,,,,,,,,45 - 54,Male,,"Bachelor’s Degree (e.g., BA, BS)",Employed full time (40+ hours per week),"Married, or in a domestic partnership"
2020-09-18 17:36:34,2020-09-18 20:47:32,IP Address,49.206.48.178,100,11458,True,2020-09-18 20:47:33,R_tVUBZtS5JvvbTtn,,,,,17.38409423828125,78.456390380859375,anonymous,EN,Yes,Agree,Disagree,Neither agree nor disagree,Neither agree nor disagree,Slightly comfortable,Moderately satisfied,Strongly disagree,nothing as such as of now. I use Facebook for my social work only,55 or older,Male,,"Bachelor’s Degree (e.g., BA, BS)",Self-Employed,"Married, or in a domestic partnership"
2020-09-18 21:02:27,2020-09-18 21:03:33,IP Address,42.111.208.69,100,66,True,2020-09-18 21:03:34,R_vUiQyD1GaLz3yhj,,,,,22.2993927001953125,73.208099365234375,anonymous,EN,Yes,Agree,Disagree,Somewhat agree,Somewhat agree,Extremely uncomfortable,Slightly dissatisfied,Somewhat agree,,19 - 24,Female,,"Bachelor’s Degree (e.g., BA, BS)",Student,Single or Never married
2020-09-18 21:17:10,2020-09-18 21:17:35,IP Address,122.111.232.11,100,25,True,2020-09-18 21:17:35,R_cOWLGmtdWuVjrUZ,,,,,-37.8950042724609375,145.054595947265625,anonymous,EN,No,,,,,,,,,19 - 24,Male,,"Master’s Degree (e.g., MA, MS, MBA, MEd)",Employed part time  (less than 40 hours per week),Single or Never married
2020-09-18 21:29:11,2020-09-18 21:30:26,IP Address,42.110.179.24,100,75,True,2020-09-18 21:30:26,R_1FERSGtgHuhEgAg,,,,,13.087799072265625,80.27850341796875,anonymous,EN,Yes,Somewhat agree,Disagree,Neither agree nor disagree,Somewhat disagree,Moderately uncomfortable,Neither satisfied nor dissatisfied,Neither agree nor disagree,,25 - 34,Female,,"Master’s Degree (e.g., MA, MS, MBA, MEd)",Employed full time (40+ hours per week),Single or Never married
2020-09-18 21:41:08,2020-09-18 21:42:36,IP Address,73.186.116.21,100,88,True,2020-09-18 21:42:36,R_1k04riBEVovbtOt,,,,,42.336395263671875,-71.03260040283203125,anonymous,EN,Yes,Agree,Somewhat disagree,Somewhat agree,Somewhat disagree,Moderately comfortable,Neither satisfied nor dissatisfied,Somewhat agree,Removing fake news,25 - 34,Female,,"Bachelor’s Degree (e.g., BA, BS)",Employed full time (40+ hours per week),Single or Never married
2020-09-18 22:18:24,2020-09-18 22:19:32,IP Address,207.237.88.171,100,68,True,2020-09-18 22:19:33,R_BtXwSQeFthfZkuR,,,,,40.7682952880859375,-73.98020172119140625,anonymous,EN,Yes,Strongly Agree,Strongly Agree,Somewhat agree,Somewhat agree,Moderately comfortable,Moderately satisfied,Strongly disagree,To stop the spread of fake news,19 - 24,Male,,"Bachelor’s Degree (e.g., BA, BS)",Student,Single or Never married
2020-09-18 23:21:06,2020-09-18 23:26:51,IP Address,117.198.75.244,100,344,True,2020-09-18 23:26:51,R_3isSkEQrRuFvuu0,,,,,21.14630126953125,79.08489990234375,anonymous,EN,Yes,Agree,Strongly Agree,Agree,Agree,Moderately comfortable,Extremely satisfied,Somewhat agree,,25 - 34,Female,,"Bachelor’s Degree (e.g., BA, BS)",Unemployed not looking for work,"Married, or in a domestic partnership"
2020-09-18 23:27:34,2020-09-18 23:28:47,IP Address,106.51.21.149,100,72,True,2020-09-18 23:28:47,R_22ywiggvQkvSFxn,,,,,12.971893310546875,77.59368896484375,anonymous,EN,Yes,Agree,Somewhat disagree,Neither agree nor disagree,Somewhat disagree,Slightly comfortable,Moderately satisfied,Disagree,,25 - 34,Female,,"Master’s Degree (e.g., MA, MS, MBA, MEd)",Employed full time (40+ hours per week),Single or Never married
2020-09-18 23:54:00,2020-09-18 23:56:30,IP Address,183.83.135.224,100,149,True,2020-09-18 23:56:30,R_3HzAMw7Q4e4cV4u,,,,,17.384002685546875,78.456390380859375,anonymous,EN,Yes,Agree,Agree,Agree,Somewhat agree,Moderately comfortable,Moderately satisfied,Disagree,,25 - 34,Female,,"Bachelor’s Degree (e.g., BA, BS)",Unemployed looking for work,"Married, or in a domestic partnership"
2020-09-19 00:24:45,2020-09-19 00:27:05,IP Address,106.200.163.139,100,139,True,2020-09-19 00:27:05,R_2bZWjz7WQHpfWGt,,,,,17.38409423828125,78.456390380859375,anonymous,EN,Yes,Agree,Agree,Somewhat agree,Neither agree nor disagree,Neither comfortable nor uncomfortable,Moderately satisfied,Somewhat agree,"Security ",,,,"Master’s Degree (e.g., MA, MS, MBA, MEd)",Unemployed not looking for work,"Married, or in a domestic partnership"
2020-09-19 00:29:49,2020-09-19 00:32:52,IP Address,86.173.58.212,100,183,True,2020-09-19 00:32:53,R_2BgPOwP4iO8Vgvu,,,,,53.8542938232421875,-1.91650390625,anonymous,EN,Yes,Strongly Agree,Somewhat agree,Agree,Somewhat disagree,Moderately comfortable,Moderately satisfied,Neither agree nor disagree,Not sure I can think of anything... old photos aren’t very well organised... maybe a way to help me organise them?,35 - 44,Female,,"Master’s Degree (e.g., MA, MS, MBA, MEd)",Employed part time  (less than 40 hours per week),"Married, or in a domestic partnership"
2020-09-19 00:31:38,2020-09-19 00:33:41,IP Address,106.220.67.175,100,123,True,2020-09-19 00:33:42,R_Z4S8ZgImFVfsYud,,,,,18.5196075439453125,73.8553924560546875,anonymous,EN,Yes,Strongly Agree,Strongly Agree,Somewhat agree,Somewhat agree,Moderately comfortable,Moderately satisfied,Disagree,"No comments ",35 - 44,Male,,"Bachelor’s Degree (e.g., BA, BS)",Employed full time (40+ hours per week),"Married, or in a domestic partnership"
2020-09-19 00:42:03,2020-09-19 00:54:54,IP Address,124.123.165.157,100,770,True,2020-09-19 00:54:54,R_si2Rmtpu1M9XqNP,,,,,17.384002685546875,78.456390380859375,anonymous,EN,Yes,Agree,Somewhat agree,Agree,Agree,Neither comfortable nor uncomfortable,Moderately satisfied,Disagree,,45 - 54,Female,,"Bachelor’s Degree (e.g., BA, BS)",Unemployed not looking for work,"Married, or in a domestic partnership"
2020-09-19 01:46:39,2020-09-19 01:49:05,IP Address,102.13.12.182,100,146,True,2020-09-19 01:49:06,R_2QPNMSFEE4vq2xG,,,,,30.0355072021484375,31.2230072021484375,anonymous,EN,Yes,Somewhat disagree,Strongly disagree,Strongly disagree,Strongly disagree,Extremely uncomfortable,Extremely dissatisfied,Strongly Agree,Work on trust and safety,35 - 44,Male,,"Master’s Degree (e.g., MA, MS, MBA, MEd)",Employed full time (40+ hours per week),"Married, or in a domestic partnership"
2020-09-19 03:40:22,2020-09-19 03:41:58,IP Address,188.210.215.169,100,95,True,2020-09-19 03:41:58,R_24Cp2yDnP62rLxZ,,,,,55.86700439453125,-4.2621002197265625,anonymous,EN,Yes,Somewhat agree,Agree,Somewhat disagree,Disagree,Moderately uncomfortable,Neither satisfied nor dissatisfied,Neither agree nor disagree,"Knowing that my data is safe and they stop their use of addiction models to keep people active. ",35 - 44,Female,,"Bachelor’s Degree (e.g., BA, BS)",Self-Employed,"Married, or in a domestic partnership"
2020-09-19 03:42:32,2020-09-19 03:45:18,IP Address,82.45.68.94,100,166,True,2020-09-19 03:45:18,R_3I3LetlhIFusDal,,,,,52.4676971435546875,-2.1472015380859375,anonymous,EN,Yes,Agree,Agree,Somewhat disagree,Somewhat disagree,Slightly uncomfortable,Moderately dissatisfied,Somewhat agree,"Get rid of ads. Get rid of all the ""fake news"" bull crap. Stop showing me junk I don't care about from people I don't know or follow. Put the time line back to an actual time line instead of randomly showing me a post from 12 days ago and nothing new. ",35 - 44,Female,,Some college,Unable to Work,"Married, or in a domestic partnership"
2020-09-19 03:49:11,2020-09-19 03:50:00,IP Address,92.30.50.254,100,49,True,2020-09-19 03:50:01,R_3plOBAKSYw0YAo5,,,,,52.4425048828125,-1.9441986083984375,anonymous,EN,Yes,Agree,Agree,Somewhat agree,Somewhat agree,Moderately comfortable,Moderately satisfied,Neither agree nor disagree,,45 - 54,Female,,"Master’s Degree (e.g., MA, MS, MBA, MEd)",Employed full time (40+ hours per week),"Married, or in a domestic partnership"
2020-09-19 07:36:06,2020-09-19 07:36:54,IP Address,75.6.179.97,100,48,True,2020-09-19 07:36:55,R_2f72U6xOPqm0gey,,,,,43.081207275390625,-89.38449859619140625,anonymous,EN,Yes,Somewhat agree,Somewhat agree,Somewhat disagree,Disagree,Moderately uncomfortable,Neither satisfied nor dissatisfied,Disagree,,25 - 34,Female,,"Bachelor’s Degree (e.g., BA, BS)",Employed full time (40+ hours per week),Single or Never married
2020-09-19 09:17:41,2020-09-19 09:18:54,IP Address,136.56.4.87,100,73,True,2020-09-19 09:18:55,R_ufD1HGdHCXa91ip,,,,,35.8047027587890625,-78.88809967041015625,anonymous,EN,Yes,Somewhat agree,Disagree,Somewhat disagree,Disagree,Neither comfortable nor uncomfortable,Neither satisfied nor dissatisfied,Somewhat agree,"Fewer ads, news, viral click bait and more personal content, photos, etc.",25 - 34,Male,,"Master’s Degree (e.g., MA, MS, MBA, MEd)",Employed full time (40+ hours per week),"Married, or in a domestic partnership"
2020-09-19 12:03:58,2020-09-19 12:06:08,IP Address,5.80.16.244,100,130,True,2020-09-19 12:06:09,R_1KewHcqNdPvRmJ3,,,,,53.567596435546875,-1.5839996337890625,anonymous,EN,Yes,Agree,Somewhat agree,Neither agree nor disagree,Somewhat disagree,Slightly uncomfortable,Neither satisfied nor dissatisfied,Neither agree nor disagree,Remove all adverts,45 - 54,Male,,Some college,Employed full time (40+ hours per week),Single or Never married
2020-09-20 20:43:09,2020-09-20 20:44:58,IP Address,65.79.145.97,100,108,True,2020-09-20 20:44:59,R_3plsbvoc77Se8B3,,,,,41.970306396484375,-87.66400146484375,anonymous,EN,Yes,Agree,Somewhat agree,Somewhat disagree,Strongly disagree,Extremely uncomfortable,Extremely dissatisfied,Strongly Agree,"If it’s algorithm wasn’t creating division in our country ",35 - 44,Female,,"Master’s Degree (e.g., MA, MS, MBA, MEd)",Employed full time (40+ hours per week),"Married, or in a domestic partnership"
2020-09-20 21:48:39,2020-09-20 21:49:52,IP Address,174.221.133.108,100,72,True,2020-09-20 21:49:52,R_5dnn0qHy5KoQPCh,,,,,41.97039794921875,-87.7035980224609375,anonymous,EN,Yes,Neither agree nor disagree,Neither agree nor disagree,Neither agree nor disagree,Neither agree nor disagree,Neither comfortable nor uncomfortable,Neither satisfied nor dissatisfied,Neither agree nor disagree,"Neither agree or disagree with the need for improvement. ",Prefer not to say,Prefer not to say,,Prefer not to say,Prefer not ot say,Prefer not to say
2020-09-21 03:03:18,2020-09-21 03:04:31,IP Address,5.224.195.52,100,73,True,2020-09-21 03:04:31,R_2scqjXimVhrQPjp,,,,,41.61669921875,2.283294677734375,anonymous,EN,Yes,Strongly Agree,Agree,Agree,Somewhat agree,Moderately comfortable,Moderately satisfied,Agree,,35 - 44,Male,,"Master’s Degree (e.g., MA, MS, MBA, MEd)",Employed full time (40+ hours per week),"Married, or in a domestic partnership"
2020-09-21 03:04:20,2020-09-21 03:04:50,IP Address,79.152.82.148,100,30,True,2020-09-21 03:04:51,R_1LvQOCv7ISR6S0V,,,,,41.3887939453125,2.15899658203125,anonymous,EN,No,,,,,,,,,35 - 44,Male,,"Doctorate (e.g., PhD, EdD)",Employed full time (40+ hours per week),"Married, or in a domestic partnership"
2020-09-21 03:03:19,2020-09-21 03:05:51,IP Address,176.83.106.124,100,151,True,2020-09-21 03:05:51,R_2fDlEuRqkzZixfR,,,,,41.3887939453125,2.15899658203125,anonymous,EN,Yes,Somewhat disagree,Somewhat disagree,Disagree,Somewhat agree,Neither comfortable nor uncomfortable,Slightly dissatisfied,Strongly disagree,More people focused activities.,25 - 34,Male,,"Master’s Degree (e.g., MA, MS, MBA, MEd)",Employed part time  (less than 40 hours per week),Single or Never married
2020-09-21 03:05:11,2020-09-21 03:06:24,IP Address,34.231.45.160,100,73,True,2020-09-21 03:06:24,R_1FlEct5yS7Jqt3Y,,,,,40.6739959716796875,-73.97010040283203125,anonymous,EN,Yes,Neither agree nor disagree,Strongly disagree,Strongly disagree,Somewhat disagree,Extremely uncomfortable,Moderately dissatisfied,Strongly Agree,,35 - 44,Male,,"Master’s Degree (e.g., MA, MS, MBA, MEd)",Employed full time (40+ hours per week),"Married, or in a domestic partnership"
2020-09-21 03:04:44,2020-09-21 03:06:27,IP Address,63.34.189.161,100,102,True,2020-09-21 03:06:27,R_3irNn6tVify83gS,,,,,53.333099365234375,-6.2489013671875,anonymous,EN,Yes,Agree,Somewhat disagree,Disagree,Strongly disagree,Extremely uncomfortable,Extremely dissatisfied,Somewhat agree,"Better privacy policies and a thorough analysis and removal of FAKE INFORMATION, specially regarding political content!  ",25 - 34,Female,,"Master’s Degree (e.g., MA, MS, MBA, MEd)",Employed full time (40+ hours per week),Single or Never married
2020-09-21 03:05:04,2020-09-21 03:06:31,IP Address,79.152.230.97,100,87,True,2020-09-21 03:06:31,R_1FbkFUsghcMCnBU,,,,,41.3887939453125,2.15899658203125,anonymous,EN,Yes,Agree,Somewhat agree,Neither agree nor disagree,Neither agree nor disagree,Slightly uncomfortable,Slightly satisfied,Somewhat agree,,25 - 34,Female,,"Master’s Degree (e.g., MA, MS, MBA, MEd)",Employed full time (40+ hours per week),"Married, or in a domestic partnership"
2020-09-21 03:05:03,2020-09-21 03:07:23,IP Address,34.231.45.160,100,139,True,2020-09-21 03:07:23,R_3NP5qSaRaAgVkxc,,,,,40.6739959716796875,-73.97010040283203125,anonymous,EN,Yes,Agree,Strongly Agree,Somewhat agree,Neither agree nor disagree,Moderately uncomfortable,Slightly satisfied,Disagree,privacy and exposure to false(fake) news,25 - 34,Female,,"Master’s Degree (e.g., MA, MS, MBA, MEd)",Employed full time (40+ hours per week),"Married, or in a domestic partnership"
2020-09-21 03:07:16,2020-09-21 03:08:57,IP Address,34.231.45.160,100,101,True,2020-09-21 03:08:57,R_OI2iQoGGb1gWYrD,,,,,40.6739959716796875,-73.97010040283203125,anonymous,EN,Yes,Agree,Strongly disagree,Strongly disagree,Strongly disagree,Moderately uncomfortable,Slightly dissatisfied,Somewhat agree,"It is boring, too many results to be check when I connect to it.",45 - 54,Female,,"Bachelor’s Degree (e.g., BA, BS)",Employed part time  (less than 40 hours per week),Prefer not to say
2020-09-21 03:08:54,2020-09-21 03:10:04,IP Address,34.231.45.160,100,69,True,2020-09-21 03:10:04,R_2ZKXa8mGiTAk224,,,,,40.6739959716796875,-73.97010040283203125,anonymous,EN,Yes,Disagree,Disagree,Disagree,Strongly disagree,Extremely uncomfortable,Moderately dissatisfied,Somewhat agree,,35 - 44,Female,,"Master’s Degree (e.g., MA, MS, MBA, MEd)",Employed full time (40+ hours per week),"Married, or in a domestic partnership"
2020-09-21 03:06:01,2020-09-21 03:10:13,IP Address,90.166.164.188,100,252,True,2020-09-21 03:10:13,R_3mn6D5JJcu9Fyyc,,,,,41.3887939453125,2.15899658203125,anonymous,EN,Yes,Somewhat agree,Neither agree nor disagree,Disagree,Strongly disagree,Extremely uncomfortable,Moderately dissatisfied,Neither agree nor disagree,,25 - 34,Female,,"Master’s Degree (e.g., MA, MS, MBA, MEd)",Employed full time (40+ hours per week),Single or Never married
2020-09-21 03:12:30,2020-09-21 03:13:59,IP Address,63.34.189.161,100,89,True,2020-09-21 03:13:59,R_3hnmm3vb8Qm8I3R,,,,,53.333099365234375,-6.2489013671875,anonymous,EN,Yes,Agree,Strongly Agree,Somewhat agree,Somewhat disagree,Slightly uncomfortable,Slightly dissatisfied,Disagree,,35 - 44,Female,,"Master’s Degree (e.g., MA, MS, MBA, MEd)",Employed full time (40+ hours per week),"Married, or in a domestic partnership"
2020-09-21 03:03:08,2020-09-21 03:26:07,IP Address,34.231.45.160,100,1378,True,2020-09-21 03:26:07,R_1DwGRcUv9J2QOJe,,,,,40.6739959716796875,-73.97010040283203125,anonymous,EN,Yes,Somewhat agree,Strongly Agree,Agree,Somewhat agree,Moderately comfortable,Moderately satisfied,Disagree,less advertisements,35 - 44,Female,,"Master’s Degree (e.g., MA, MS, MBA, MEd)",Employed full time (40+ hours per week),"Married, or in a domestic partnership"
2020-09-21 03:27:21,2020-09-21 03:29:48,IP Address,34.199.88.245,100,146,True,2020-09-21 03:29:49,R_1Pe37UiNFJ4NR4j,,,,,40.694000244140625,-73.9900970458984375,anonymous,EN,Yes,Agree,Somewhat agree,Somewhat agree,Somewhat disagree,Neither comfortable nor uncomfortable,Slightly satisfied,Disagree,,35 - 44,Male,,"Master’s Degree (e.g., MA, MS, MBA, MEd)",Employed full time (40+ hours per week),"Married, or in a domestic partnership"
2020-09-21 03:30:17,2020-09-21 03:32:18,IP Address,37.223.7.148,100,120,True,2020-09-21 03:32:18,R_3G9Dub1h2HOZKjO,,,,,41.3887939453125,2.15899658203125,anonymous,EN,Yes,Neither agree nor disagree,Disagree,Disagree,Neither agree nor disagree,Moderately uncomfortable,Slightly dissatisfied,Disagree,,35 - 44,Female,,"Master’s Degree (e.g., MA, MS, MBA, MEd)",Employed full time (40+ hours per week),Single or Never married
2020-09-21 03:30:01,2020-09-21 03:32:23,IP Address,34.231.45.160,100,141,True,2020-09-21 03:32:23,R_1gFvDOJAOfNDSTS,,,,,40.6739959716796875,-73.97010040283203125,anonymous,EN,Yes,Strongly Agree,Disagree,Disagree,Disagree,Moderately uncomfortable,,Somewhat agree,,25 - 34,Female,,"Master’s Degree (e.g., MA, MS, MBA, MEd)",Employed full time (40+ hours per week),Single or Never married
2020-09-21 03:41:24,2020-09-21 03:42:20,IP Address,34.199.88.245,100,55,True,2020-09-21 03:42:20,R_1BRwd9iueRuawu7,,,,,40.694000244140625,-73.9900970458984375,anonymous,EN,Yes,Somewhat agree,Somewhat agree,Somewhat agree,Somewhat disagree,Moderately uncomfortable,Moderately dissatisfied,Strongly Agree,,45 - 54,Male,,"Master’s Degree (e.g., MA, MS, MBA, MEd)",Employed full time (40+ hours per week),"Married, or in a domestic partnership"
2020-09-21 03:41:23,2020-09-21 03:44:26,IP Address,34.231.45.160,100,182,True,2020-09-21 03:44:26,R_enihvcrRl5Ucq7n,,,,,40.6739959716796875,-73.97010040283203125,anonymous,EN,Yes,Somewhat agree,Disagree,Somewhat agree,Disagree,Extremely uncomfortable,Neither satisfied nor dissatisfied,Disagree,,45 - 54,Female,,"Bachelor’s Degree (e.g., BA, BS)",Employed full time (40+ hours per week),"Married, or in a domestic partnership"
2020-09-21 03:45:39,2020-09-21 03:47:12,IP Address,63.34.189.161,100,92,True,2020-09-21 03:47:12,R_2Ev4m480QlH2L1w,,,,,53.333099365234375,-6.2489013671875,anonymous,EN,Yes,Agree,Somewhat agree,Somewhat agree,Disagree,Moderately uncomfortable,Neither satisfied nor dissatisfied,Disagree,,35 - 44,Female,,"Bachelor’s Degree (e.g., BA, BS)",Employed full time (40+ hours per week),"Married, or in a domestic partnership"
2020-09-21 03:49:05,2020-09-21 03:50:33,IP Address,34.231.45.160,100,87,True,2020-09-21 03:50:33,R_3qrgiFqEydX0UwZ,,,,,40.6739959716796875,-73.97010040283203125,anonymous,EN,Yes,Agree,Agree,Somewhat agree,Somewhat disagree,Neither comfortable nor uncomfortable,Slightly dissatisfied,Somewhat agree,,35 - 44,Male,,"Professional Degree (e.g., MD, DDS, DVM)",Employed full time (40+ hours per week),Single or Never married
2020-09-21 03:56:39,2020-09-21 03:57:39,IP Address,34.199.88.245,100,60,True,2020-09-21 03:57:39,R_3NFcdcEyTRXSy1Q,,,,,40.694000244140625,-73.9900970458984375,anonymous,EN,Yes,Somewhat agree,Somewhat disagree,Disagree,Disagree,Moderately uncomfortable,Neither satisfied nor dissatisfied,Disagree,,25 - 34,Female,,"Master’s Degree (e.g., MA, MS, MBA, MEd)",Employed full time (40+ hours per week),"Married, or in a domestic partnership"
2020-09-21 04:06:21,2020-09-21 04:07:42,IP Address,63.34.189.161,100,81,True,2020-09-21 04:07:43,R_2CHRuqXzKNpUT4q,,,,,53.333099365234375,-6.2489013671875,anonymous,EN,Yes,Agree,Disagree,Disagree,Strongly disagree,Neither comfortable nor uncomfortable,Neither satisfied nor dissatisfied,Disagree,,35 - 44,Female,,Some college,Employed full time (40+ hours per week),Single or Never married
2020-09-21 04:11:46,2020-09-21 04:13:02,IP Address,34.231.45.160,100,76,True,2020-09-21 04:13:02,R_T7xNVFd1ykn5uSt,,,,,40.6739959716796875,-73.97010040283203125,anonymous,EN,Yes,Neither agree nor disagree,Agree,Somewhat disagree,Neither agree nor disagree,Slightly uncomfortable,Neither satisfied nor dissatisfied,Strongly Agree,,35 - 44,Female,,"Master’s Degree (e.g., MA, MS, MBA, MEd)",Employed full time (40+ hours per week),"Married, or in a domestic partnership"
2020-09-21 04:19:08,2020-09-21 04:20:03,IP Address,34.231.45.160,100,54,True,2020-09-21 04:20:03,R_1N4HS3oH8UBxEqR,,,,,40.6739959716796875,-73.97010040283203125,anonymous,EN,No,,,,,,,,,55 or older,Female,,"Bachelor’s Degree (e.g., BA, BS)",Employed full time (40+ hours per week),Divorced
2020-09-21 04:30:58,2020-09-21 04:32:12,IP Address,3.217.47.187,100,73,True,2020-09-21 04:32:12,R_ukUYpFY31T9Rk1r,,,,,40.694000244140625,-73.9900970458984375,anonymous,EN,Yes,Agree,Agree,Disagree,Somewhat disagree,Moderately comfortable,Moderately satisfied,Somewhat disagree,,35 - 44,Female,,"Master’s Degree (e.g., MA, MS, MBA, MEd)",Employed full time (40+ hours per week),"Married, or in a domestic partnership"
2020-09-21 05:03:42,2020-09-21 05:07:14,IP Address,34.231.45.160,100,211,True,2020-09-21 05:07:14,R_32JDeIN7OzePAHU,,,,,40.6739959716796875,-73.97010040283203125,anonymous,EN,Yes,Somewhat agree,Agree,Somewhat disagree,Disagree,Moderately uncomfortable,Slightly satisfied,Somewhat agree,Less noise.,45 - 54,Female,,"Master’s Degree (e.g., MA, MS, MBA, MEd)",Employed full time (40+ hours per week),"Married, or in a domestic partnership"
2020-09-21 05:17:01,2020-09-21 05:19:23,IP Address,34.231.45.160,100,141,True,2020-09-21 05:19:23,R_2EnnLKIE2AfJqQT,,,,,40.6739959716796875,-73.97010040283203125,anonymous,EN,Yes,Agree,Strongly disagree,Disagree,Strongly disagree,Moderately uncomfortable,Moderately dissatisfied,Strongly Agree,,Prefer not to say,Prefer not to say,,"Bachelor’s Degree (e.g., BA, BS)",Employed full time (40+ hours per week),Prefer not to say
2020-09-21 05:29:46,2020-09-21 05:30:19,IP Address,89.19.79.43,100,33,True,2020-09-21 05:30:20,R_21sKMkrj4d236On,,,,,53.533294677734375,-7.350006103515625,anonymous,EN,No,,,,,,,,,55 or older,Male,,"Master’s Degree (e.g., MA, MS, MBA, MEd)",Employed full time (40+ hours per week),"Married, or in a domestic partnership"
2020-09-21 05:36:21,2020-09-21 05:39:02,IP Address,34.231.45.160,100,160,True,2020-09-21 05:39:02,R_2tGbS23f0mSxrAo,,,,,40.6739959716796875,-73.97010040283203125,anonymous,EN,Yes,Strongly Agree,Strongly disagree,Strongly disagree,Strongly disagree,Neither comfortable nor uncomfortable,Neither satisfied nor dissatisfied,Disagree,,35 - 44,Male,,"Master’s Degree (e.g., MA, MS, MBA, MEd)",Employed full time (40+ hours per week),Single or Never married
2020-09-21 06:25:24,2020-09-21 06:27:11,IP Address,2.155.197.203,100,106,True,2020-09-21 06:27:11,R_1guoAO4WTf9f7Tv,,,,,41.3887939453125,2.15899658203125,anonymous,EN,Yes,Somewhat agree,Strongly disagree,Disagree,Somewhat disagree,Neither comfortable nor uncomfortable,Moderately dissatisfied,Disagree,Less intrusive login keeping cookies for all websites I visit,45 - 54,Male,,"Associate degree (e.g., AA, AS)",Employed full time (40+ hours per week),"Married, or in a domestic partnership"
2020-09-21 06:45:42,2020-09-21 06:46:29,IP Address,2.82.198.173,100,47,True,2020-09-21 06:46:29,R_1OZaW0kmeDYfKLw,,,,,40.205596923828125,-8.4196014404296875,anonymous,EN,Yes,Agree,Agree,Agree,Somewhat agree,Slightly uncomfortable,Slightly satisfied,Disagree,,25 - 34,Male,,"Master’s Degree (e.g., MA, MS, MBA, MEd)",Employed full time (40+ hours per week),Single or Never married
2020-09-21 06:53:37,2020-09-21 06:54:12,IP Address,93.177.233.238,100,35,True,2020-09-21 06:54:12,R_3EndsDEYtpVMH5F,,,,,56.9496002197265625,24.0977935791015625,anonymous,EN,No,,,,,,,,,45 - 54,Male,,"Master’s Degree (e.g., MA, MS, MBA, MEd)",Employed full time (40+ hours per week),"Married, or in a domestic partnership"
2020-09-21 08:16:14,2020-09-21 08:19:03,IP Address,204.76.113.51,100,168,True,2020-09-21 08:19:03,R_6XKYEXaDQR1TtIt,,,,,41.848297119140625,-87.651702880859375,anonymous,EN,Yes,Agree,Somewhat agree,Disagree,Strongly disagree,Moderately uncomfortable,Moderately dissatisfied,Somewhat agree,The list is literally endless.  Better monitoring of news stories and (actually) fake news.  Stopping distribution of misleading and false stories.  Stopping the ability for external and internal players to manipulate people through FB content.  Taking the time myself to narrow down to people with content I want to see.  Fewer videos.,25 - 34,Male,,"Master’s Degree (e.g., MA, MS, MBA, MEd)",Employed full time (40+ hours per week),"Married, or in a domestic partnership"
2020-09-21 13:32:26,2020-09-21 13:34:23,IP Address,104.56.161.55,100,117,True,2020-09-21 13:34:24,R_1Ln6CQjfHisXx7B,,,,,42.3816070556640625,-88.00260162353515625,anonymous,EN,Yes,Agree,Agree,Somewhat disagree,Neither agree nor disagree,Moderately comfortable,Moderately satisfied,Disagree,,55 or older,Male,,"Bachelor’s Degree (e.g., BA, BS)",Retired,"Married, or in a domestic partnership"
2020-09-21 15:55:02,2020-09-21 15:58:56,IP Address,75.43.16.144,100,233,True,2020-09-21 15:58:56,R_10PCxvaFJEOqgua,,,,,30.2133026123046875,-97.853302001953125,anonymous,EN,Yes,Disagree,Strongly disagree,Strongly disagree,Strongly disagree,Extremely uncomfortable,Extremely dissatisfied,Neither agree nor disagree,"Having the desktop version actually be designed for desktops and not mobile devices, chronological news feed",19 - 24,Female,,"Bachelor’s Degree (e.g., BA, BS)",Employed full time (40+ hours per week),Single or Never married
2020-09-21 16:07:35,2020-09-21 16:09:46,IP Address,73.208.240.228,100,130,True,2020-09-21 16:09:46,R_3Kou7CWRPKOjNZ4,,,,,42.36669921875,-88.092498779296875,anonymous,EN,Yes,Somewhat disagree,Disagree,Strongly disagree,Strongly disagree,Moderately uncomfortable,Moderately dissatisfied,Somewhat agree,Convincing my friends who maintain communication through facebook to switch to email.,25 - 34,Male,,"Bachelor’s Degree (e.g., BA, BS)",Employed full time (40+ hours per week),"Married, or in a domestic partnership"
2020-09-22 13:07:00,2020-09-22 13:07:18,IP Address,69.231.74.136,100,17,True,2020-09-22 13:07:18,R_vfvHe4Mql51BPS9,,,,,33.0950927734375,-96.88050079345703125,anonymous,EN,No,,,,,,,,,Prefer not to say,Prefer not to say,,Prefer not to say,Prefer not ot say,Prefer not to say
2020-09-22 13:13:16,2020-09-22 13:24:27,IP Address,173.185.156.254,100,671,True,2020-09-22 13:24:27,R_3DebnK9QP3KDu8S,,,,,32.4116058349609375,-104.24269866943359375,anonymous,EN,Yes,Agree,Agree,Neither agree nor disagree,Neither agree nor disagree,Neither comfortable nor uncomfortable,Neither satisfied nor dissatisfied,Neither agree nor disagree,"Less ads, better privacy, less nonsense",25 - 34,Female,,"Doctorate (e.g., PhD, EdD)",Employed full time (40+ hours per week),"Married, or in a domestic partnership"
2020-09-22 13:24:33,2020-09-22 13:26:10,IP Address,37.222.112.123,100,97,True,2020-09-22 13:26:10,R_ctMls96wosThzHj,,,,,41.3887939453125,2.15899658203125,anonymous,EN,Yes,Agree,Agree,Neither agree nor disagree,Somewhat disagree,Moderately uncomfortable,Neither satisfied nor dissatisfied,Agree,,35 - 44,Female,,"Master’s Degree (e.g., MA, MS, MBA, MEd)",Employed full time (40+ hours per week),"Married, or in a domestic partnership"
2020-09-22 13:40:30,2020-09-22 13:40:57,IP Address,24.99.167.240,100,26,True,2020-09-22 13:40:58,R_2xEjr9Qt6UDD7Dz,,,,,33.979400634765625,-84.3459014892578125,anonymous,EN,No,,,,,,,,,25 - 34,Female,,"Master’s Degree (e.g., MA, MS, MBA, MEd)",Employed full time (40+ hours per week),"Married, or in a domestic partnership"
2020-09-22 14:47:23,2020-09-22 14:49:06,IP Address,73.8.79.182,100,102,True,2020-09-22 14:49:07,R_28NfA5L1c2RMKuv,,,,,41.9459991455078125,-87.70330047607421875,anonymous,EN,Yes,Agree,Somewhat disagree,Somewhat agree,Neither agree nor disagree,Slightly uncomfortable,Slightly satisfied,Somewhat agree,"Less comment trolls. ",25 - 34,Female,,"Bachelor’s Degree (e.g., BA, BS)",Employed full time (40+ hours per week),"Married, or in a domestic partnership"
2020-09-23 06:18:12,2020-09-23 06:19:05,IP Address,67.175.162.87,100,53,True,2020-09-23 06:19:05,R_1E5T5f2B2TEiF7f,,,,,41.9409027099609375,-87.6531982421875,anonymous,EN,Yes,Somewhat agree,Somewhat disagree,Somewhat disagree,Disagree,Slightly uncomfortable,Slightly dissatisfied,Neither agree nor disagree,,25 - 34,Female,,"Bachelor’s Degree (e.g., BA, BS)",Employed full time (40+ hours per week),Single or Never married
2020-09-23 06:26:39,2020-09-23 06:29:27,IP Address,80.140.127.9,100,167,True,2020-09-23 06:29:27,R_3ps9Xni8Gm6C876,,,,,48.149993896484375,11.5832977294921875,anonymous,EN,Yes,Agree,Agree,Somewhat disagree,Disagree,Moderately uncomfortable,Neither satisfied nor dissatisfied,Neither agree nor disagree,Better data privacy/ protection policies,25 - 34,Male,,"Master’s Degree (e.g., MA, MS, MBA, MEd)",Employed full time (40+ hours per week),"Married, or in a domestic partnership"
2020-09-23 07:40:19,2020-09-23 07:41:36,IP Address,99.81.50.169,100,77,True,2020-09-23 07:41:36,R_2SkOkHp2cFq1F5a,,,,,53.333099365234375,-6.2489013671875,anonymous,EN,Yes,Agree,Agree,Agree,Disagree,Moderately uncomfortable,Neither satisfied nor dissatisfied,Disagree,Less adverts/spam,45 - 54,Male,,"Master’s Degree (e.g., MA, MS, MBA, MEd)",Employed full time (40+ hours per week),Single or Never married
